<?xml version="1.0" encoding="UTF-8"?>
<ExtensionManifest Version="6.0" ExtensionBundleId="CHANGE_ME" ExtensionBundleVersion="1.0.0" ExtensionBundleName="CHANGE_ME" xmlns:xsi="http://www.w3.org/2001/XMLSchema-instance">
	<ExtensionList>
		<Extension Id="CHANGE_ME" Version="1.0" />
	</ExtensionList>
	<ExecutionEnvironment>
		<HostList>
			<Host Name="PPRO" Version="9.0" />
		</HostList>
		<LocaleList>
			<Locale Code="All" />
		</LocaleList>
		<RequiredRuntimeList>
			<RequiredRuntime Name="CSXS" Version="7.0" />
		</RequiredRuntimeList>
	</ExecutionEnvironment>

	<DispatchInfoList>
		<Extension Id="CHANGE_ME">
			<DispatchInfo >
				<Resources>
					<MainPath>./index.html</MainPath>
					<ScriptPath>./jsx/extendScript.jsx</ScriptPath>
					<CEFCommandLine>
						<Parameter>--allow-file-access</Parameter>
						<Parameter>--allow-file-access-from-files</Parameter>
					</CEFCommandLine>
				</Resources>
				<Lifecycle>
					<AutoVisible>true</AutoVisible>
				</Lifecycle>
				<UI>
					<Type>Panel</Type>
					<Menu>GIVE YOUR PANEL A TITLE</Menu>
					<Geometry>
						<Size>
							<Height>300</Height>
							<Width>300</Width>
						</Size>
					</Geometry>
				</UI>
			</DispatchInfo>
		</Extension>
	</DispatchInfoList>
</ExtensionManifest>